NUMBER,NAME,LOCATION,ADDRESS,COURT
1,Dewan Badminton Berapit,Pulau Pinang,"Jalan Kampung Besar, Berapit Permatang Pauh, 14000 Bukit Mertajam, Pulau Pinang",Badminton
2,Kompleks Belia dan Sukan Penang,Pulau Pinang,"Jalan Sultan Azlan Shah, Kampung Gelugor, 11700 Gelugor, Pulau Pinang","Badminton, Volleyball"
3,Gembira Parade Futsal Court,Pulau Pinang,"4th Floor, Gembira Parade, Lorong Delima 1, Taman Island Glades, 11600 Greenlane, Pulau Pinang",Futsal
4,Permata Sports Complex,Pulau Pinang,"19, Lintang Paya Terubong 1, Bandar Baru Air Itam, 11600 Ayer Itam, Pulau Pinang","Badminton, Tennis"
5,BB Futsal,Pulau Pinang,"351, Jln Baru Batu Maung, Pekan Baru Batu Maung, 11900 Bayan Lepas, Penang",Futsal
6,Best Bola Bola Sports Centre,Pulau Pinang,"Lot 554, Jalan Cantik, Mak Mandin, Pulau Pinang, 13400 Butterworth",Futsal
7,Dewan Badminton Bukit Dumbar PBA,Pulau Pinang,"Dewan Badminton Bukit Dumbar, 11600, Jelutong, Pulau Pinang",Badminton
8,Kompleks Sukan MPSP Bertam,Pulau Pinang,"Kompleks Sukan Mpsp, Jalan Bertam 2, 13200 Kepala Batas, Pulau Pinang",Badminton
9,Nicol David International Squash Centre,Pulau Pinang,"101, Bukit Dumbar, 11700, Pulau Pinang",Squash
10,NSC Futsal,Pulau Pinang,"Tingkat Sungai Gelugor 2, Gelugor, 11700, Pulau Pinang",Futsal
11,Kompleks Sukan Titi Mukim,Pulau Pinang,"Kompleks Sukan Titi Mukim, Jalan Penaga, 13050, Telok Air Tawar, Butterworth","Badminton, Futsal"
12,Fiz Futsal Penang,Pulau Pinang,"28 Lebuhraya Thean Tek 11500 Ayer Hitam, Penang, Malaysia",Futsal
13,Kompleks Sukan dan Komuniti Pinang Tunggal,Pulau Pinang,"Jln Paya Keladi, Kampung Tambang, 13200 Kepala Batas, Penang","Badminton, Futsal"
14,LTT Badminton Court & Training Centre,Pulau Pinang,"Taman Lone Pine, 11500 Air Itam, Penang",Badminton
15,JesselBall Sport Centre,Pulau Pinang,"1190, Jalan Selendang 1, Taman Selamat, 14000 Bukit Mertajam, Penang","Badminton, Futsal"
16,Futsal Future Sport Centre,Pulau Pinang,"Lot 335, 1972, Lorong Bukit Panchor, Taman Bersatu, 14300 Nibong Tebal, Penang",Futsal
17,MBPP Relau Sport Complex,Pulau Pinang,"Lot 10986, Lebuh Relau 4, 11900 Bayan Lepas, Pulau Pinang",Badminton
18,Sunway Sports Center,Pulau Pinang,"2/2A, Jalan Todak 7, 13700 Seberang Jaya, Pulau Pinang",Badminton
19,Kompleks Sukan Bandaraya Relau,Pulau Pinang,"Lebuh Relau, Taman Desa Relau, Bayan Lepas, Pulau Pinang",Badminton
20,C & Y Sport Centre,Pulau Pinang,"Pasar Awam Kampung Baru Bukit Mertajam, Jalan Kampung Baru, 14000 Bukit Mertajam, Penang",Badminton
21,Titi Mukim Sports Complex,Pulau Pinang,"13100 Penaga, Penang",Badminton
22,Kompleks Sukan & Rekreasi Sony Seberang Jaya,Pulau Pinang,"Jalan Siakap, Seberang Jaya, 13700 Perai, Pulau Pinang","Tennis, Volleyball"
23,New Town Sport Center,Pulau Pinang,"20-F2, Jalan Gamelan Indah 1, Taman Gamelan Indah, 14200 Sungai Bakap, Pulau Pinang",Badminton
24,Osp Badminton Hall,Pulau Pinang,"Kampung Benggali, 12200 Butterworth, Penang",Badminton
25,Futsal Kick Off,Pulau Pinang,"6510, Jalan Dua, 13100 Kepala Batas, Pulau Pinang",Futsal
26,Kompleks Sukan dan Komuniti Jerlun,Kedah,"Jalan Kuala Sanglang, Mukim Sanglang, 06150 Ayer Hitam, Kubang Pasu, Kedah Darul Aman","Badminton, Futsal"
27,Kompleks Sukan dan Bandar Baru,Kedah,"Serdang, 09800 Serdang, Kedah","Badminton, Futsal"
28,"Kompleks Rakan Muda, Baling",Kedah,"Kampung Bukit Tok Kaya, 09100 Baling, Kedah","Badminton, Futsal, Tennis"
29,Amanjaya Sport Centre,Kedah,"Lengkok Cempaka 2, Bandar Amanjaya, 08000 Sungai Petani, Kedah","Badminton, Futsal"
30,Gelanggang Badminton Kulim CRC,Kedah,"09000 Kulim, Kedah",Badminton
31,Sena Sports Central,Kedah,"Taman Desa Ilmu, 06400 Pokok Sena, Kedah",Futsal
32,Gmee Futsal Sport Centre,Kedah,"Kampung Banggol Besi, 06700 Pendang, Kedah",Futsal
33,Pusat Rakan Sukan Pendang,Kedah,"Kampung Banggol Besi, 06700 Pendang, Kedah",Badminton
34,Kompleks Sukan Langkawi,Kedah,"Jalan Air Hangat, 07000 Langkawi, Kedah","Badminton, Futsal, Volleyball"
35,Elite PRO Sports Centre,Kedah,"55A, Lorong Perak 12, Kawasan Perusahaan Mergong Ii, 05150 Alor Setar, Kedah",Badminton
36,Q-In Sports Centre,Kedah,"117A,Jalan Kilang Tebu, Jalan Kuala Kedah, 06600 Alor Setar, Kedah",Badminton
37,Darulaman Sport Arena,Kedah,"Jalan Tunku Sarina, Kampung Kelubi, 06000 Jitra, Kedah","Badminton, Futsal"
38,KHTP Sports Complex,Kedah,"19, Jalan Hi-tech 1, Kulim Hi-tech Park, 09000 Kulim, Kedah","Badminton, Futsal"
39,CT Sports Arena,Kedah,"Lot 707, Ladang Sungai Batu 1, 08100 Bedong, Kedah",Badminton
40,Kompleks Sukan Kulim Hitech,Kedah,"Kompleks Sukan, Taman Kulim Hi-tech, 09000 Kulim, Kedah","Badminton, Futsal, Tennis"
41,CT Advance Sports,Kedah,"780-H, Jalan Bakar Sampah, Kampung Sungai Tongka, 08000 Sungai Petani, Kedah",Badminton
42,WIRASPORTS,Kedah,"PT 8560, Lot 82-A Persiaran 11, Kawasan Perusahaan Ringan Bakar Arang, 08000 Sungai Petani, Kedah",Badminton
43,SMC Futsal,Kedah,"171, Jalan Sejati 3/2, Taman Sejati Indah, 08000 Sungai Petani, Kedah",Futsal
44,ASRC Badminton Court,Kedah,"Darul Aman Hwy, Taman Tunku Habsah, 05150 Alor Setar, Kedah",Badminton
45,WNS Futsal Centre,Kedah,"No. 119, Jalan Sungai Baru, Kampung Kuala Sungai, Kedah, 05150 Alor Setar",Futsal
46,Northern Futsal Center,Kedah,"Lot 2539, Jalan Bakar Arang, 08000 Sungai Petani, Kedah",Futsal
47,MHZ Badminton Centre,Kedah,"Kampung Pumpong, 05150 Alor Setar, Kedah",Badminton
48,SNA Sport Centre,Kedah,"NO. 1111, Kampung Titi Akar, 06750 Pendang, Kedah",Futsal
49,"MRC Badminton Hall, Desa Kiara",Kedah,"Desa Seraya, 05400 Alor Setar, Kedah",Badminton
50,Kombes Perlis,Perlis,"Kompleks Belia Dan Sukan Negeri Perlis, Jln Hospital, 01000 Kangar","Badminton, Futsal"
51,R7 Futsal Centre,Perlis,"Batu 1, Jalan Kampung Baroh Ayer Mata, Kampung Mata Ayer, 02500 Kangar, Perlis",Futsal
52,D' Futsal Center,Perlis,"Batu 3, Jalan Kaki Bukit, Perlis, 01000 Kangar",Futsal
53,MO Q Sport Arena,Perlis,"MO Q Sport Arena, Jalan Kampung Bakau - Padang Behor, Kampung Sena, 01000 Kangar, Perlis",Badminton
54,All In Sport Centre,Perlis,"No 1, Lot 2018 Kawasan Industri, Jalan Jejawi Sematang, Kampung Jejawi, 02600, Perlis",Badminton
55,Kompleks Sukan dan Komuniti Sungai Siput,Perak,"36, Happy garden, Kampung Veerasamy, 31100 Sungai Siput, Perak","Badminton, Futsal"
56,Asia Futsal Center,Perak,"Kampung Matang Jelutong, 34300 Bagan Serai, Perak","Badminton, Futsal"
57,Kompleks Sukan Tapah,Perak,"Lot 499, Persiaran Wallagonia, 35400 Tapah Road, Perak","Badminton, Futsal"
58,Arena Square Kampung Tanjung Keramat,Perak,"17, Jalan Kampar Changkat Jong, Kampung Tanjong Keramat, 35350 Temoh, Perak",Badminton
59,Gelanggang Futsal Bukit Gantang,Perak,"34850 Changkat Jering, Perak","Badminton, Futsal"
60,Sportizza Futsal Arena Menglembu,Perak,"Jalan Lahat, Kawasan Perusahaan Menglembu, 31450 Ipoh, Perak",Futsal
61,Manjung Indoor Sports Arena,Perak,"13, 1, Jalan SM 1d/1, 32200 Lumut, Perak","Badminton, Futsal"
62,Dss Futsal Centre,Perak,"Jalan Wawasan Industri 5, Bandar Behrang, 35900 Tanjong Malim, Perak",Futsal
63,Dynamic Futsal,Perak,"Lebuhraya Ipoh-Lumut, Kampung Jalan Bota, 32600 Pusing, Perak",Futsal
64,Falim Sports Centre,Perak,"A-2-1, Kompleks Falim, Laluan Falim 2A, Taman Falim Indah, 30200 Ipoh, Perak",Badminton
65,MP3 Sports Centre,Perak,"Jalan PPMP 1, Pusat Perniagaan Manjung Point, 32040 Seri Manjung, Perak",Badminton
66,Sport Complex Grand Kampar,Perak,"Lot 17813, Jalan Batu Karang, Taman Bandar Baru, 31900 Kampar, Perak","Badminton, Futsal"
67,Anson Sport Centre,Perak,"36000 Teluk Intan, Perak",Badminton
68,Kampar Badminton Sentral,Perak,"21, Laluan Batu Sinar 1, Kampar Sentral, 31900 Kampar, Perak",Badminton
69,X Park Sunway City Ipoh,Perak,"No, 1, Persiaran Lagun, Sunway City, 31150 Ipoh, Perak","Badminton, Futsal"
70,Yc Badminton Centre,Perak,"322, Jalan Pokok Assam, Taman Raja Idris, 34000 Taiping, Perak",Badminton
71,3D Futsal Centre,Perak,"Lot 523, Kawasan Perindustrian Kuala Kangsar, Kuala Kangsar, Malaysia",Futsal
72,Younique Sports Ampang Ipoh,Perak,"6c, Jalan Ampang, Kampung Ampang Baru, 31350 Ipoh, Perak",Badminton
73,Arena Badminton Perak,Perak,"Kompleks Sukan Ipoh, 31400 Ipoh, Perak",Badminton
74,Winning Futsal,Perak,"Lot 1943, Jalan Kampung Dew, Jalan Simpang Halt, 34700 Simpang",Futsal
75,Silver Fox Futsal,Perak,"3150, 31500 Ipoh, Perak",Futsal
76,T. Z.Y Sport Arena,Perak,"121, Jalan Lahat, 30200 Ipoh, Perak",Badminton
77,Kok Bou Badminton Court,Perak,"71, Hala Perusahaan Menglembu 5, Kawasan Perusahaan Menglembu,",Badminton
78,Dewan Badminton Bandar Lahat Baru,Perak,"31500, No.1, Laluan Lahat Baru 1, 31500 Lahat, Perak",Badminton
79,D' Legend Badminton Court,Perak,"84, Jalan Besar, Hulu Bernam, 35900 Tanjong Malim, Perak",Badminton
80,Pro Sport Futsal Arena,Perak,"130-132, Jalan Lahat, 30200 Ipoh, Perak",Futsal
81,Kompleks Sukan dan Komuniti Simpang Pertang,Negeri Sembilan,"Jalan Pekan, Simpang Pertang 72300, Simpang Pertang",Badminton
82,KOMBES Paroi,Negeri Sembilan,"Tapian Gelanggang Paroi, 70400 Seremban, Negeri Sembilan","Badminton, Futsal, Tennis"
83,Center Court Kompleks Sukan Negeri,Negeri Sembilan,"Stadium Tuanku Abdul Rahman, 70400 Seremban, Negeri Sembilan","Futsal, Tennis, Volleyball"
84,Micheal's Badminton Academy,Negeri Sembilan,"Dewan Badminton MBA, Lot 4034 Jalan Kuala Lukut, 71010 Port Dickson, Negeri Sembilan",Badminton
85,KRM Kuala Pilah,Negeri Sembilan,"Kompleks Rakan Muda Kuala Pilah, Jalan Melang, 72000 Kuala Pilah, Negeri Sembilan","Badminton, Futsal, Volleyball, Squash"
86,KRM Jempol,Negeri Sembilan,"Kompleks Rakan Muda Jempol, Jalan Kasih, Bandar Sri Jempol, 72120 Bandar Sri Jempol, Negeri Sembilan","Badminton, Futsal, Volleyball, Squash"
87,GR Sports Centre,Negeri Sembilan,"Lot 13579, Jalan SJ 3/11, Taman Seremban Jaya, 70450 Senawang",Badminton
88,Summer Sport Centre,Negeri Sembilan,"348, Jalan Haruan 7, Oakland Commercial Centre, 70300 Seremban, Negeri Sembilan",Badminton
89,Sendayan Sport Centre,Negeri Sembilan,"Persiaran Metro Sendayan 1, Bandar Sri Sendayan, Kampong Felda Sendayan, 70300 Siliau, Negeri Sembilan",Badminton
90,DreamBadminton Sports Complex Nilai,Negeri Sembilan,"PT No. 22318, Jalan Kolej, Desa Kolej, Putra Nilai, 71800 Nilai, Negeri Sembilan",Badminton
91,Dewan Bahau Storm Badminton Sport Centre,Negeri Sembilan,"Pt 1993, 1994, Taman Industri, 72100, 72100 Bahau, Negeri Sembilan",Badminton
92,All Stars Futsal,Negeri Sembilan,"5007, Persiaran Senawang 2, Pusat Bandar Senawang, 70450 Seremban, Negeri Sembilan",Futsal
93,Public Star Futsal,Negeri Sembilan,"Public Star Futsal Jalan Haruan 8 Kawasan Perindustrian Oakland, Seremban 2, 70300 Seremban, Negeri Sembilan",Futsal
94,X Park Sendayan,Negeri Sembilan,"Jalan Pusat Dagangan Sendayan 1, Bandar Sri Sendayan, 71950 Siliau, Negeri Sembilan","Badminton, Futsal"
95,Ultimate Sporthaus,Negeri Sembilan,"12880-12887, Jalan BBN 1/7D, Bandar Baru Nilai, 71800 Nilai, Negeri Sembilan","Badminton, Futsal"
96,Jempol Futsal Galaxy,Negeri Sembilan,"8, Jalan Bahau - Batu Kikir, 72100 Bahau, Negeri Sembilan",Futsal
97,Kompleks Sukan dan Komuniti Krubong,Melaka,"Kompleks Sukan Komuniti Krubong, Salak Hilir, Paya Rumput, 76450 Malacca","Badminton, Futsal"
98,Dewan Badminton MSN,Melaka,"Dewan Badminton MSN, 75450 Melaka",Badminton
99,Gelanggang AKA Futsal Centre,Melaka,"Lot 14550 Gelanggang Futsal , Km Jalan Kampung, 75460 Telok Mas, Malacca",Futsal
100,Dewan Badminton Seri Pandan,Melaka,"1-17, Lorong 1 Jalan SP 2, Taman Seri Pandan, 75250 Melaka",Badminton
101,Sports Complex Batu Berendam,Melaka,"Jalan Dato Seri Hj Mat Zain, 75350 Melaka","Badminton, Futsal"
102,Malim Sports Centre,Melaka,"No 22&24, Jalan Abadi 4, Taman Malim Jaya, 75250 Melaka",Badminton
103,Jebat Racquet Sports Centre,Melaka,"Ixora Arena Badminton Hall, Jalan Ixora, 5th Floor, Bukit Beruang, 75450 Ayer Keroh, Melaka",Badminton
104,Yu Hwa Badminton Hall,Melaka,"Taman Widuri, 75350 Bachang, Melaka",Badminton
105,Futsal A Sports Arena,Melaka,"Jalan Klebang Besar, 75200 Melaka","Badminton, Futsal"
106,Centre Point Badminton Court,Melaka,"Jalan Munshi Abdullah, Kampung Bukit China, 75100 Melaka",Badminton
107,Kompleks Maksak,Melaka,"Jalan Angakasa Nuri 23, Taman Angkasa Nuri, 75350 Melaka","Badminton, Squash"
108,Batu Berendam Badminton Hall,Melaka,"6074-2, Jalan Dato Seri Haji Mohd Zin Melaka, 75350 Batu Berendam, Melaka",Badminton
109,Sport Planet Futsal Cheng,Melaka,"LOT 4824, Jalan Ttc 33, Taman Teknologi Cheng, 75400 Cheng, Melaka",Futsal
110,JO Badminton Hall,Melaka,"2794-2, jalan PK 16, Kawasan Perindustrian Krubong, 75260 Krubong, Malacca",Badminton
111,Heng Ann Badminton Hall,Melaka,"98, Lorong Panjang, Jalan Laksamana Cheng Ho, 75000 Malacca",Badminton
112,Dewan Badminton MAKSAK,Melaka,"1761, Jalan Angkasa Nuri 21, Taman Angkasa Nuri, 76100 Melaka",Badminton
113,Kompleks Sukan dan Komuniti Kundang Ulu,Johor,"Mukim Bukit Serampang, 4210 Tangkak, Johor","Badminton, Futsal"
114,Kompleks Sukan dan Komuniti Bandar Penawar,Johor,"Jalan Dato Syed Abdul Kadir, Bandar Penawar, 81930 Bandar Penawar, Johor",Futsal
115,Kompleks MSN Pagoh,Johor,"Lot 5687, Simpang Kampung Raja, Pagoh, 84600 Johor","Badminton, Futsal"
116,Stadium Futsal Pontian,Johor,"Jalan Delima 4, Pontian Kecil, 82000 Pontian, Johor",Futsal
117,Y Centre UTC JOHOR,Johor,"Jalan Trus, Bandar Johor Bahru, 80000 Johor Bahru, Johor",Futsal
118,PB Futsal,Johor,"TL 90 Jalan Parit Besar, Bt 2, Jalan Kluang, 83000 Batu Pahat, Johor",Futsal
119,Gelanggang Futsal Majlis Daerah Tangkak,Johor,"Jln Sialang, 84900 Tangkak, Johor",Futsal
120,Daiman Sports Complex,Johor,"1, Jalan Dedap 3, Johor Jaya, 81100 Johor Bahru, Johor",Badminton
121,Millennium Sports Center,Johor,"PTD 62580, Jalan Skudai, Batu 8 1/2, Skudai, 81300 Johor Bahru, Johor",Badminton
122,Daiman Sri Skudai Sports Center,Johor,"1, Jalan Emas Puteh 3, Taman Sri Skudai, 81300 Skudai, Johor","Badminton, Futsal"
123,Tebrau Sport & Recreation Centre,Johor,"Jalan Cantik, Taman Pelangi Indah, 81800 Ulu Tiram, Johor","Badminton, Futsal"
124,Sutera Sports World,Johor,"Sutera Sports World, Jln Persisiran Sutera Danga 1, Taman Sutera Utama, 81200 Skudai, Johor","Badminton, Futsal"
125,Just In Sports Centre,Johor,"No.1, Jalan Johor Jaya, Johor Jaya, 81100 Johor Bahru, Johor",Badminton
126,Permas Jaya Sports Complex,Johor,"Permas Jaya, 81750 Masai, Johor",Badminton
127,Pekan Nanas Sports Centre,Johor,"PTD 5141, Jalan Utama 3, Taman Utama, 81500 Pekan Nanas, Johor",Badminton
128,U Five Sports,Johor,"Lot 173075, Kg Sungai Rinting, Mukim Plentong, Taman Rinting, 81750 Masai, Johor","Badminton, Futsal"
129,TS Sport Complex Sdn. Bhd.,Johor,"Lot 6015-C, Jalan Ciku Utama 2, Johor, 81750 Masai",Badminton
130,Hot Sports Arena,Johor,"PDT 62580 BATU 8 1/2, Skudai Lbh, Skudai, 81300 Skudai, Johor","Badminton, Futsal"
131,Golden Sports Center,Johor,"21, Jln Ismail, Kampung Parit Setongkat, 84000 Muar, Johor",Badminton
132,Bubble Sports Complex Tebrau,Johor,"Level 5, Jln Harmonium 24/1, Taman Desa Tebrau, 81100 Johor Bahru, Johor",Badminton
133,Sri Amar JL Sports Centre,Johor,"Lot 5011, Jalan Cekor, Taman Sri Amar, 81100 Johor Bahru, Johor",Badminton
134,Too Bee Sport Centre,Johor,"Jalan Kota Puteri 1, Taman Perindustrian Kota Puteri 1, 81750 Masai, Johor",Badminton
135,Tiara Sports World,Johor,"Lot 7207, Jalan Pasir Pelangi, Pasir Pelangi, 80500 Johor Bahru, Johor","Badminton, Futsal"
136,Impian Sports,Johor,"Lot 152157, Jalan Selatan 11, Taman Impian Emas, 81300 Skudai, Johor","Badminton, Futsal, Volleyball"
137,Sports Prima Sdn Bhd,Johor,"PTD 64858, Jln Sri Purnama 4, Perindustrian Seri Purnama, 81100 Johor Bahru, Johor","Badminton, Futsal"
138,C & Y Badminton Court,Johor,"Jalan Langkasuka, Kawasan Perindustrian Dato Onn, 80350 Johor Bahru, Johor",Badminton
139,Desa Mutiara Sports Arena,Johor,"MLO 496, Jalan Desa Mutiara 7, Taman Desa Mutiara, 81800 Johor",Badminton
140,Victory Sports Centre,Johor,"112, Jalan Tongkang Pechah, 83000 Batu Pahat, Johor",Badminton
141,Dewan Badminton DJ Sport,Johor,"105, Jln Seniman, Kampung Seri Serdang, 81200 Johor Bahru, Johor",Badminton
142,KC Futsal,Johor,"Jalan Tahana, Kawasan Perindustrian Tampoi, 80350 Johor Bahru, Johor",Futsal
143,Everyday Sports,Johor,"PTD 32016, Jalan Anggerik 2, Taman Anggerik, 81200 Johor Bahru, Johor",Futsal
144,Kompleks Sukan dan Komuniti Pekan,Pahang,"Taman Tasik Sultan Abu Bakar, 26600 Pekan Pahang","Badminton, Futsal"
145,Kompleks Sukan dan Komuniti Mempaga,Pahang,"Mempaga 1, 28600 Karak, Pahang","Badminton, Futsal"
146,Kompleks MSN Kuala Rompin,Pahang,"Jalan Dato Ibrahim, Kampung Tasik, 26800 Kuala Rompin, Pahang",Badminton
147,One Touch Futsal,Pahang,"28000, Jalan Ibrahim, Taman Kenangan, 28000 Temerloh, Pahang",Futsal
148,KRM Raub,Pahang,"Kompleks Rakan Muda Daerah Raub, 27400 Dong, Raub, Pahang Darul Makmur","Badminton, Futsal"
149,KRM Maran,Pahang,"Jalan Maran-Temerloh, 26500 Maran, Pahang Darul Makmur","Badminton, Volleyball"
150,PlayGround No. 6 Sport Centre,Pahang,"Lot 89, Jalan Industri Semambu 7, Kawasan Perindustrian Semambu, 25350 Kuantan, Pahang","Badminton, Futsal"
151,Kompleks Sukpa,Pahang,"Jalan Kompleks SUKPA, Bandar Indera Mahkota, 25200 Kuantan, Pahang",Futsal
152,Kompleks Rakan Muda Sukan Air Rompin,Pahang,"Kampung Pantai Bernas, 26800 Kuala Rompin, Pahang Darul Makmur","Badminton, Futsal"
153,Jengka Sports Centre,Pahang,"Bandar Jengka, 26400 Bandar Tun Razak, Pahang","Badminton, Futsal"
154,Semambu Badminton Centre,Pahang,"Lot 903, Jalan Haji Ahmad, Taman Tunas Jaya, 25300 Kuantan, Pahang",Badminton
155,Kuantan Synergy Sports Centre,Pahang,"Lot 11235, Sungai Isap Pusat Komersial Batu Tiga Jalan, Jalan Gambang, 25150 Kuantan, Pahang",Badminton
156,Kilang Futsal Sungai Isap,Pahang,"Lorong Sungai Isap Aman 2, Perumahan Sungai Isap Satu, 25150 Kuantan, Pahang","Badminton, Futsal"
157,AD Sport Futsal Centre,Pahang,"28000 Temerloh, Pahang",Futsal
158,Mempaga Community Sports Complex,Pahang,"Mempaga 1, 28600 Karak, Pahang","Badminton, Futsal"
159,NS7 Sport Centre,Pahang,"Setapak, 53200 Kuala Lumpur, Federal Territory of Kuala Lumpur",Futsal
160,MK Badminton Centre,Pahang,"Jln. Indera Mahkota 2, Bandar Indera Mahkota, 25200 Kuantan, Pahang",Badminton
161,Chendering Futsal,Pahang,"Kampung Batu Tujuh, 25150 Kuantan, Pahang",Futsal
162,Jerantut Badminton Centre,Pahang,"27000 Jerantut, Pahang",Badminton
163,Teo Badminton Court,Pahang,"Lorong Air Putih 103, Taman Semabok, 25300 Kuantan, Pahang",Badminton
164,Smash 8 Megasmash Badminton Court,Pahang,"Berjaya Megamall, Lot 3.15, Third Floor, Jalan Tun Ismail, Sri Dagangan, 25000 Kuantan, Pahang",Badminton
165,LCS Sport Arena,Pahang,"PT20624, Batu 2, Jalan Karak, Kampung Batu Kapur, 28400 Mentakab, Pahang","Badminton, Futsal"
166,Dewan Badminton Rahazqim,Pahang,"13/634, Kampung Sungai Karang Pantai, 26100 Kuantan, Pahang",Badminton
167,Dewan Badminton Planet Sungai Isap,Pahang,"Perumahan Sungai Isap Satu, 25150 Kuantan, Pahang",Badminton
168,Kempadang Futsal Center,Pahang,"Lot 8582, Kampung Kempadang, 26060 Kuantan, Pahang",Futsal
169,Legend Futsal Indera Mahkota,Pahang,"Jalan IM 3/1, Bandar Indera Mahkota, 25200 Kuantan, Pahang",Futsal
170,De Stadium Futsal KB,Kelantan,"Taman Sri Rokma, 16210 Wakaf Bharu, Kelantan",Futsal
171,Futsal Harraz Tok Bali,Kelantan,"Lot 2931, Kg Air Tawar, Tok Bali, Cherang Suku, 16700, Pasir Puteh, Kelantan",Futsal
172,JPS Futsal,Kelantan,"Jalan Jelor, Pasir Puteh, 16800 Kota Bharu, Kelantan",Futsal
173,Afda Futsal Lubok Jong,Kelantan,"Cabang Tiga Lubok Jong - Pusu Empat Puluh, 17200 Pasir Mas, Kelantan",Futsal
174,Kuyo Futsal,Kelantan,"17500 Tanah Merah, Kelantan",Futsal
175,Prosport Futsal,Kelantan,"17600 Jeli, Kelantan",Futsal
176,Bilal Sport,Kelantan,"18000 Kuala Krai, Kelantan",Futsal
177,Al-Khulafa Sport Center,Kelantan,"Lot 496, Simpang 4 Binjai, 16150, 16400 Melor, Kelantan",Badminton
178,JKR Badminton Court,Kelantan,"Bandar Kota Bharu, 15150 Kota Bharu, Kelantan",Badminton
179,All Sports Badminton Court,Kelantan,"Lorong Ihsan, Jln Bahagia, Bandar Machang, 18500 Machang, Kelantan","Badminton, Futsal"
180,Pro Seven Futsal Jalan Bayam,Kelantan,"Kampung Khatib Ali, 15200 Kota Bharu, Kelantan",Futsal
181,Kota Bharu Badminton Center KBBC 1,Kelantan,"PT 1380, Jalan Guchil Bayam, 15200 Kota Bharu, Kelantan",Badminton
182,Proseven Futsal Center,Kelantan,"Jalan Perempuan Zainab 1, Kampung Darat Demit, 15200 Kota Bharu, Kelantan",Futsal
183,Badminton Association Of Kelantan Hall,Kelantan,"Jalan Kuala Krai, Bandar Kota Bharu, 15050 Kota Bharu, Kelantan",Badminton
184,Dewan Badminton Tunjong,Kelantan,"Kampung Tunjung, 16010 Kota Bharu, Kelantan",Badminton
185,Orbit De Futsal,Kelantan,"1856, D110 16010, Bandar Kota Bharu, Kelantan",Futsal
186,Dewan Badminton HRBC,Kelantan,"15100 Pasir Mas, Kelantan",Badminton
187,i5 Badminton Court,Kelantan,"Bukit Bator, Jelawat, 16070 Bachok, Kelantan",Badminton
188,Dewan Dato' Ibrahim Futsal dan Badminton Court,Kelantan,"Lorong Salamku, Jln Kota Teras, Kampung Kedai Lalat, 16150 Kota Bharu, Kelantan","Badminton, Futsal"
189,BK Badminton Court,Kelantan,"Kampung Setor Lima, 18500 Machang, Kelantan",Badminton
190,Dewan Badminton AB Green Hall,Kelantan,"1510, 3, Kubang Kerian, 16150 Kota Bharu, Kelantan",Badminton
191,Dewan badminton MY morak,Kelantan,"16210, 16210 Wakaf Bharu, Kelantan",Badminton
192,Dewan Dato Lundang B,Kelantan,"Jalan Dato Lundang, 15150 Kota Bharu, Kelantan",Badminton
193,Haslina Badminton Hall,Kelantan,"16450 Melor, Kelantan",Badminton
194,Kompleks Sukan dan Komuniti Besut,Terengganu,"Jalan Mini Stadium, Kampung Raja, Besut, Terengganu, 22200 Besut",Badminton
195,Kompleks Sukan dan Komuniti Besut Jertih,Terengganu,"Kampung Gong Kemuntong, 22000 Jerteh, Terengganu",Badminton
196,Kompleks MSN Dungun,Terengganu,"Jalan Balai Besar, 23000 Kuala Dungun, Terengganu","Badminton, Futsal"
197,Iltizam Sport Center,Terengganu,"Lot 1651, Jalan Kubang Kurus, Kampung Kubang Kurus, 24000 Chukai, Terengganu",Badminton
198,XZone Futsal Center,Terengganu,"Lot 6107, Kampung Paya Apek, 23000 Kuala Dungun, Terengganu",Futsal
199,Fantasy Futsal Sport,Terengganu,"Blok 4, Lot 13841, Kawasan Perindustrian Gong Badak, 21300 Kuala Terengganu, Terengganu",Futsal
200,Miya Futsal Sport Centre,Terengganu,"Che Nordin, Lot 1752 B Kg Kesom, Manir, 21200 Kuala Terengganu, Terengganu",Futsal
201,Sports PC,Terengganu,"12216 kawasan miel, chukai, 24000 Kemaman, Terengganu","Badminton, Futsal"
202,DS Sport Centre,Terengganu,"Kawasan Perindustrian Chendering, 21080 Kuala Terengganu, Terengganu","Badminton, Futsal"
203,Hazlan Futsal & Indoor Soccer,Terengganu,"Jalan Haji Abdul Rahman Limbong, 20400 Kuala Terengganu, Terengganu",Futsal
204,Xtreme Futsal Pulau Kambing,Terengganu,"Bandar Baru, 21100 Kuala Terengganu, Terengganu",Futsal
205,Millipede Futsal Enterprise,Terengganu,"Lot 468, Kg Padang Jerat, Jln Pulau Musang, 20050 Kuala Terengganu, Terengganu",Futsal
206,QD de Futsal,Terengganu,"Kampung Bukit Tunggal, 21200 Kuala Terengganu, Terengganu",Futsal
207,Court Badminton Gong Pok Jin,Terengganu,"Jln Tengku Ampuan Intan Zaharah, Kampung Gong Datuk, 21300 Kuala Terengganu, Terengganu",Badminton
208,Dewan Badminton Dato' Dr. Mohd Sulaiman,Terengganu,"591, Jalan Pasir Panjang, Kampung Pasir Panjang, 21080 Kuala Terengganu, Terengganu",Badminton
209,Dewan Badminton Seri Nilam,Terengganu,"Lot 2616, Kampung Makam Lama, 21000 Kuala Terengganu, Terengganu",Badminton
210,Maecon Sport Centre,Terengganu,"Kampung Ru Lima, 21600 Marang, Terengganu","Badminton, Futsal"
211,BBBM Badminton Court,Terengganu,"Bandar Baru Bukit Mentok, 24000 Chukai, Terengganu",Badminton
212,Kompleks Sukan Bukit Kiara,Kuala Lumpur,"Kompleks Sukan Bukit Kiara, 3959, Jalan 1/70d, Bukit Kiara, 60000 Kuala Lumpur, Bukit Kiara","Badminton, Futsal"
213,Kompleks Sukan Setiawangsa,Kuala Lumpur,"Jalan 6/27a, Wangsa Maju, 54200 Kuala Lumpur, Wilayah Persekutuan Kuala Lumpur",Badminton
214,Kompleks Sukan Jalan Duta,Kuala Lumpur,"Bukit Tunku, 50480 Kuala Lumpur, Federal Territory of Kuala Lumpur",Tennis
215,Kompleks MSN Jalan Raja Muda (SJRM),Kuala Lumpur,"Kampung Baru, 50300 Kuala Lumpur, Federal Territory of Kuala Lumpur",Badminton
216,KOMBES KL,Kuala Lumpur,"4029, Jalan Kampung Pandan, 55100 Kuala Lumpur, Malaysia","Futsal, Tennis"
217,Kompleks Sukan Kampong Pandan,Kuala Lumpur,"4032, Jalan Kampung Pandan, Maluri, 55100 Kuala Lumpur, Wilayah Persekutuan Kuala Lumpur","Futsal, Tennis"
218,Mini Stadium Taman Pancarona,Kuala Lumpur,"Jalan P18, Presint 18, 62150 Putrajaya, Wilayah Persekutuan Putrajaya","Futsal, Volleyball"
219,Lavana Sports Centre,Kuala Lumpur,"Lot 1617, Jalan Genting Kelang, Taman Danau Kota, 53100 Kuala Lumpur, Wilayah Persekutuan Kuala Lumpur",Badminton
220,Kompleks Sukan Bangsar,Kuala Lumpur,"3, Jalan Terasek 3, Bangsar, 59100 Kuala Lumpur, Wilayah Persekutuan Kuala Lumpur","Badminton, Futsal, Tennis"
221,CK Sports Centre,Kuala Lumpur,"51, Jalan Tago 2, Taman Perindustrian Tago, 52000 Kuala Lumpur, Wilayah Persekutuan",Badminton
222,Pusat Sukan Desa Petaling,Kuala Lumpur,"Jalan 6/125d, Taman Desa Petaling, 57100 Kuala Lumpur, Wilayah Persekutuan Kuala Lumpur",Badminton
223,Ace Sports World,Kuala Lumpur,"3, Jalan 7A/62A, Bandar Menjalara, 52200 Kuala Lumpur, Wilayah Persekutuan Kuala Lumpur","Badminton, Futsal"
224,Sports Arena Sentosa,Kuala Lumpur,"Sports Arena Sentosa, Jalan Sri Sentosa 2a, Taman Sri Sentosa, 58000 Kuala Lumpur, Federal Territory of Kuala Lumpur","Badminton, Futsal"
225,SLK Badminton Centre,Kuala Lumpur,"CenterMart @ Setapak, Jalan Usahawan 3, Taman Danau Kota, 53300 Kuala Lumpur, Wilayah Persekutuan Kuala Lumpur",Badminton
226,Forum Pudu,Kuala Lumpur,"71a, Jalan Pasar, Pudu, 55100 Kuala Lumpur, Wilayah Persekutuan Kuala Lumpur",Badminton
227,Matrik Shuttle Court,Kuala Lumpur,"315-6 Jalan Sungai Besi, &, Jalan Foss, 55200 Kuala Lumpur, Wilayah Persekutuan Kuala Lumpur",Badminton
228,KSL Futsal Sport Centre,Kuala Lumpur,"73, 53, Jalan 3/23a, Taman Danau Kota, 53300 Kuala Lumpur, Wilayah Persekutuan Kuala Lumpur","Badminton, Futsal"
229,Sports Centre Wangsa Maju Section 5,Kuala Lumpur,"72, Jalan 10/27a, Wangsa Maju, 54200 Kuala Lumpur, Wilayah Persekutuan Kuala Lumpur","Squash, Tennis"
230,Younique Sports Pudu Plaza,Kuala Lumpur,"2, Jalan Landak, Pudu, 55100 Kuala Lumpur, Wilayah Persekutuan Kuala Lumpur Pudu Plaza Shopping Centre",Badminton
231,Bubble Sports Complex Cheras,Kuala Lumpur,"Lot 44621, Jalan Perdana 1, Taman Segar Perdana, 43200 Cheras, Selangor","Badminton, Futsal"
232,Centre Mart Futsal Centre,Kuala Lumpur,"Jalan Usahawan 3/23A, Jalan Genting Klang, 53300, Kuala Lumpur, WP Kuala Lumpur, 53300",Futsal
233,OUG Shuttle Bug Sports Center,Kuala Lumpur,"4th floor Market Place, 2, Jalan Hujan Rahmat, Taman OUG, 58200 Kuala Lumpur, Federal Territory of Kuala Lumpur",Badminton
234,KAS Kepong Arena Sports,Kuala Lumpur,"No.2, Jalan 5/32A, Off Batu 6, 1/2, Jln Kepong, 52100 Kuala Lumpur",Badminton
235,Sport Seven Futsal Centre,Kuala Lumpur,"Wangsa Maju, 53300 Kuala Lumpur, Federal Territory of Kuala Lumpur",Futsal
236,Pro One Badminton Centre,Kuala Lumpur,"Lot 6302, Jalan 2/27A, Off Jalan Usahawan, Bandar Baru Wangsa Maju, 53100, Kuala Lumpur, WP Kuala Lumpur, 53300",Badminton
237,Setapak Badminton Centre,Kuala Lumpur,"30488 Lot Lama, Jalan Usahawan 6, 53200, Wilayah Persekutuan Kuala Lumpur",Badminton
238,Shuttle Bug Badminton Hall,Kuala Lumpur,"23A, Jalan Hujan Rahmat, Taman Overseas Union, 58200 Kuala Lumpur, Wilayah Persekutuan Kuala Lumpur",Badminton
239,Starplus Badminton Centre,Kuala Lumpur,"No.19 & 21, Industrial Area, Jalan 6/37a, Kawasan Perusahaan Taman Bukit Maluri, 52100 Kuala Lumpur, Federal Territory of Kuala Lumpur",Badminton
240,IOI Sports Centre,Kuala Lumpur,"2AT-10,Level 4, East Wing Lebuh IRC, IOI Resort City Putrajaya, 62502 Sepang, Putrajaya","Badminton, Futsal"
241,Avenger Sports Arena,Kuala Lumpur,"Jalan Perdana 4/8 & Jalan Perdana 4/3, Pandan Perdana, 55300 Kuala Lumpur","Badminton, Futsal"
242,Kompleks Sukan Negara Shah Alam(Panasonic),Selangor,"Persiaran Perkilangan, Seksyen 21, 40300 Shah Alam, Selangor","Badminton, Futsal, Tennis"
243,Frenzy Sports Arena,Selangor,"Jalan Lada Sulah 16/11, Seksyen 16, 40200 Shah Alam, Selangor",Futsal
244,Kompleks Arena Petaling Jaya,Selangor,"Pjs 3, 46000 Petaling Jaya, Selangor",Futsal
245,Michael's Badminton Academy,Selangor,"Dewan Badminton MBA, Multi Storey Car Park, Level RF, Jalan BP 7/11, Bandar Bukit Puchong, 47120 Puchong, Selangor",Badminton
246,Ksl Sport Center Gombak,Selangor,"Lot 37570, Jalan Makmur, Taman Sri Gombak, 68100 Batu Caves, Selangor",Futsal
247,Real Sports Arena,Selangor,"1256, 1, Jalan Sungai Bertih & Off Telok Gadong Road, Kampung Sungai Udang, 41100 Klang, Selangor",Futsal
248,Athlon De Futsal,Selangor,"PT2517, Jalan Perusahaan, 1, Zon IKSE, 45000 Kuala Selangor, Selangor",Futsal
249,DMS Sports Centre,Selangor,"LOT 897, Dataran Dato Mohd Said, DMS Sports, Rinching Tengah, 43700 Beranang, Selangor","Badminton, Futsal"
250,Semenyih Sports Centre,Selangor,"Lot. 29952, Jln Bangi, Bt. 1 1/2, 43500 Semenyih, Selangor, 43500 Semenyih, Selangor","Badminton, Futsal"
251,The Challenger Sports Centre PJ,Selangor,"118, Jalan Professor Khoo Kay Kim, Seksyen 19, 46300 Petaling Jaya, Selangor","Badminton, Futsal"
252,222 Sports Centre PJ,Selangor,"2, Jalan 51a/225, Seksyen 51a, 46100 Petaling Jaya, Selangor","Badminton, Futsal, Volleyball"
253,Zelka Sports Centre,Selangor,"Wisma Zelka, Jln BK 1/13, Bandar Kinrara 1, 47100 Puchong, Selangor","Badminton, Futsal"
254,Forum 19,Selangor,"Lot 1, Jalan 19/1b, Seksyen 19, 46300 Petaling Jaya, Selangor","Badminton, Futsal"
255,Central Park Dataran Sunway,Selangor,"Dataran Sunway, 47810 Petaling Jaya, Selangor","Badminton, Futsal"
256,Sportizza Badminton Balakong,Selangor,"43200 Cheras, Selangor",Badminton
257,RKS Sports Centre,Selangor,"Evolve Concept Mall, Jalan PJU 1a/4, Ara Damansara, 47301 Petaling Jaya, Selangor",Futsal
258,White Fairy Futsal & Badminton Court,Selangor,"Jalan Taman Kinrara, Taman Kinrara, 47190 Puchong, Selangor","Badminton, Futsal"
259,NPNG Sports Centre,Selangor,"Jalan PJU 10/1a, Damansara Damai, 47830 Petaling Jaya, Selangor",Futsal
260,Brothers Futsal Centre,Selangor,"Jalan Petola, Kampung Raja Uda, 42000 Klang, Selangor",Futsal
261,Uptown Sports,Selangor,"76828, Jln Angsana, 43650 Bandar Baru Bangi, Selangor","Badminton, Volleyball"
262,Sport Centre 88,Selangor,"17, Jalan Tiaj 2/1, Taman Industri Alam Jaya, 42300 Bandar Puncak Alam, Selangor","Badminton, Futsal"
263,Sport 100 Badminton Center,Selangor,"Lot 2587, Jalan Seruling 59/KS2, Taman Klang Jaya, 41200 Klang, Selangor",Badminton
264,TJH Sport Centre,Selangor,"5, Jalan Kontraktor U1/14, Hicom-glenmarie Industrial Park, 40150 Shah Alam, Selangor",Badminton
265,De Xcellent Sport Centre,Selangor,"Lot 20481, Lorong Permai 1i, Taman Kota Pendamar, 42000 Pelabuhan Klang, Selangor",Badminton
266,Puchong Sport Center,Selangor,"Jalan PU 1/20A, Taman Puchong Utama, 47100 Puchong, Selangor",Badminton
267,KSL Sports Puchong,Selangor,"Lot 5225, 4, Jalan Puchong Utama 7e, Taman Puchong Utama, 47100 Puchong, Selangor","Badminton, Futsal"
268,U One Sport Centre,Selangor,"Persiaran Bukit Raja 1, Bandar Baru Klang, 41150 Klang, Selangor","Badminton, Futsal"
269,Sports Garage,Selangor,"The Annex, 4, Jalan 19/1, Seksyen 19, 46300 Petaling Jaya, Selangor",Futsal
270,Elements Badminton Court,Selangor,"11, Jalan TP 6, Taman Perindustrian Uep, 47600 Subang Jaya, Selangor",Badminton
271,Sport Heroes,Selangor,"No 8 Jalan TSB 1 Taman Industri Sungai Buloh, Kota Damansara, 47000 Petaling Jaya, Selangor",Badminton
272,89 Arena Klang,Selangor,"Lot 10998, Jalan Sungai Jati, 41000 Klang","Badminton, Futsal"
273,Kingsport Centre Miri,Sarawak,"Jln Sena, 98000 Miri, Sarawak","Badminton, Futsal"
274,Sentosa Sports Centre,Sarawak,"Block 17, Lot 310, Jalan Stakan, Batu 7, Kota Sentosa, Kota Sentosa, 93250 Kuching, Sarawak","Badminton, Futsal"
275,Arena Sukan,Sarawak,"Lots 4967 & 603, Block 11, MTLD, Q112B, 93350 Kuching, Sarawak","Badminton, Futsal"
276,Winner Court,Sarawak,"1559, Jalan Burung Lilin, Everbright Park, 93250 Kuching, Sarawak","Badminton, Futsal"
277,Tun Tuanku Haji Bujang Arena,Sarawak,"Jln Kapur, 94300 Kota Samarahan, Sarawak","Badminton, Futsal, Squash"
278,B & G Sport Centre,Sarawak,"Jln Pisang Embun, 97000 Bintulu, Sarawak",Badminton
279,Star Sports Complex Sdn Bhd,Sarawak,"Lutong, 98000 Miri, Sarawak",Badminton
280,Super Sport Arena Samarahan,Sarawak,"Samarahan, 94300 Kota Samarahan, Sarawak",Badminton
281,Tung Sports Badminton Hall,Sarawak,"Lot 497, Jalan Pujut, Q645, 98000 Miri, Sarawak",Badminton
282,TN SPORTS,Sarawak,"Jalan Temple, Sibu, 96000 Sibu, Sarawak",Badminton
283,Kenyalang Futsal Excellence Centre Bintulu,Sarawak,"14, Lorong 1, Taman Kemena Raya, 97000 Bintulu, Sarawak",Futsal
284,Dewan Badminton Stapok,Sarawak,"Lot 581, Block 207, Jalan Ensing, Taman Stapok, 93250 Kuching, Sarawak",Badminton
285,Champion Futsal Court,Sarawak,"Lot 6809, Jalan Riam, 98000 Miri, Sarawak",Futsal
286,Saturn Futsal,Sarawak,"97000 Bintulu, Sarawak",Futsal
287,Infinity Sports Arena,Sabah,"Jln Inanam Laut, 88740 Kota Kinabalu, Sabah",Badminton
288,OJS Centre,Sabah,"89100 Kota Marudu, Sabah","Badminton, Futsal"
289,Dynason Badminton Court,Sabah,"90000 Lahad Datu, Sabah",Badminton
290,Olympia Badminton Arena,Sabah,"Lrg Minyak, 88400 Kota Kinabalu, Sabah",Badminton
291,ii sports centre,Sabah,"Hse 35, Lot 27, Jalan Kilang, Kolombong, 88450 Kota Kinabalu, Sabah",Badminton
292,AI Legacy Badminton Centre,Sabah,"6136, Jalan Sin Onn, 91000 Tawau, Sabah",Badminton
293,Borneo Sports Arena,Sabah,"Jalan Mangga, Kelombong, 88450 Kota Kinabalu, Sabah",Futsal
294,Yayasan Sabah Badminton Court,Sabah,"88400 Kota Kinabalu, Sabah",Badminton
295,Juara Badminton Arena,Sabah,"Jalan Ketiau Tombovo, 88200 Putatan, Sabah",Badminton
296,My Futsal Club,Sabah,"Jalan Putatan Ramayah, Bandar Putatan, 89500 Putatan, Sabah","Badminton, Futsal"
297,UTC Sabah Futsal Court,Sabah,"5, Jalan Sembulan Lama, Kampung Sembulan, 88100 Kota Kinabalu, Sabah",Futsal
298,Futsal Yayasan Sabah,Sabah,"88400 Kota Kinabalu, Sabah",Futsal
299,One Sports Badminton Tawau,Sabah,"Godown LOT No 5, Mile 3.1/2, Jalan Sungai Tanjung, Sin Onn Utara, 91000 Tawau, Sabah",Badminton
300,Juara Futsal Arena,Sabah,"Jalan Ketiau Tombovo, 88200 Putatan, Sabah",Futsal
